k,bic,aic
3,-1001580.119235149,-1002806.7579593724
4,-1023726.1219827461,-1025363.7479083844
5,-1042478.8841496506,-1044527.4972767041
6,-1080353.7349603237,-1082813.3352887922
7,-1123837.332490342,-1126707.9200202255
8,-1120262.24993944,-1123543.8246707385
9,-1129685.7352315777,-1133378.2971642914
10,-1146218.569231765,-1150322.1183658938
11,-1156438.5197925144,-1160953.0561280581
12,-1159303.2949503395,-1164228.8184872982
